file_name,chunk_index,length
抗震1-150.md,0,2048
抗震1-150.md,1,528
抗震1-150.md,2,522
抗震1-150.md,3,519
抗震1-150.md,4,558
抗震1-150.md,5,601
抗震1-150.md,6,543
抗震1-150.md,7,557
抗震1-150.md,8,524
抗震1-150.md,9,548
抗震1-150.md,10,1407
抗震1-150.md,11,532
抗震1-150.md,12,70
抗震1-150.md,13,2048
抗震1-150.md,14,637
抗震1-150.md,15,567
抗震1-150.md,16,2043
抗震1-150.md,17,700
抗震1-150.md,18,1096
抗震1-150.md,19,525
抗震1-150.md,20,567
抗震1-150.md,21,1103
抗震1-150.md,22,1519
抗震1-150.md,23,595
抗震1-150.md,24,951
抗震1-150.md,25,327
抗震1-150.md,26,1961
抗震1-150.md,27,1080
抗震1-150.md,28,591
抗震1-150.md,29,965
抗震1-150.md,30,858
抗震1-150.md,31,798
抗震1-150.md,32,1503
抗震1-150.md,33,536
抗震1-150.md,34,1518
抗震1-150.md,35,159
抗震1-150.md,36,2048
抗震1-150.md,37,2048
抗震1-150.md,38,1099
抗震1-150.md,39,1585
抗震1-150.md,40,733
抗震1-150.md,41,2048
抗震1-150.md,42,396
抗震1-150.md,43,1780
抗震1-150.md,44,1631
抗震1-150.md,45,2015
抗震1-150.md,46,601
抗震1-150.md,47,545
抗震1-150.md,48,1263
抗震1-150.md,49,642
抗震1-150.md,50,2048
抗震1-150.md,51,2048
抗震1-150.md,52,958
抗震1-150.md,53,579
抗震1-150.md,54,739
抗震1-150.md,55,672
抗震1-150.md,56,571
抗震1-150.md,57,521
抗震1-150.md,58,1089
抗震1-150.md,59,884
抗震1-150.md,60,789
抗震1-150.md,61,757
抗震1-150.md,62,786
抗震1-150.md,63,526
抗震1-150.md,64,598
抗震1-150.md,65,423
抗震1-150.md,66,2048
抗震1-150.md,67,1946
抗震1-150.md,68,2048
抗震1-150.md,69,669
抗震1-150.md,70,667
抗震1-150.md,71,2048
抗震1-150.md,72,2048
抗震1-150.md,73,1208
抗震1-150.md,74,557
抗震1-150.md,75,758
抗震1-150.md,76,537
抗震1-150.md,77,637
抗震1-150.md,78,281
抗震1-150.md,79,2048
抗震1-150.md,80,1062
抗震1-150.md,81,2048
抗震1-150.md,82,912
抗震1-150.md,83,920
抗震1-150.md,84,2048
抗震1-150.md,85,2048
抗震1-150.md,86,2048
抗震1-150.md,87,2030
抗震1-150.md,88,756
抗震1-150.md,89,1540
抗震1-150.md,90,2048
抗震1-150.md,91,518
抗震1-150.md,92,1358
抗震1-150.md,93,613
抗震1-150.md,94,1114
抗震1-150.md,95,590
抗震1-150.md,96,832
抗震1-150.md,97,695
抗震1-150.md,98,676
抗震1-150.md,99,568
抗震1-150.md,100,1051
抗震1-150.md,101,1774
抗震1-150.md,102,700
抗震1-150.md,103,2048
抗震1-150.md,104,613
抗震1-150.md,105,783
抗震1-150.md,106,132
抗震1-150.md,107,2048
抗震1-150.md,108,838
抗震1-150.md,109,1349
抗震1-150.md,110,1930
抗震1-150.md,111,647
抗震1-150.md,112,696
抗震1-150.md,113,632
抗震1-150.md,114,590
抗震1-150.md,115,984
抗震1-150.md,116,1331
抗震1-150.md,117,2048
抗震1-150.md,118,558
抗震1-150.md,119,1481
抗震1-150.md,120,348
抗震1-150.md,121,1918
抗震1-150.md,122,532
抗震1-150.md,123,648
抗震1-150.md,124,2048
抗震1-150.md,125,1018
抗震1-150.md,126,669
抗震1-150.md,127,563
抗震1-150.md,128,537
抗震1-150.md,129,559
抗震1-150.md,130,863
抗震1-150.md,131,529
抗震1-150.md,132,596
抗震1-150.md,133,519
抗震1-150.md,134,525
抗震1-150.md,135,687
抗震1-150.md,136,730
抗震1-150.md,137,616
抗震1-150.md,138,573
抗震1-150.md,139,788
抗震1-150.md,140,682
抗震1-150.md,141,807
抗震1-150.md,142,618
抗震1-150.md,143,705
抗震1-150.md,144,653
抗震1-150.md,145,608
抗震1-150.md,146,910
抗震1-150.md,147,522
抗震1-150.md,148,588
抗震1-150.md,149,597
抗震1-150.md,150,308
抗震1-150.md,151,2048
抗震1-150.md,152,933
抗震1-150.md,153,1038
抗震1-150.md,154,905
抗震1-150.md,155,684
抗震1-150.md,156,2048
抗震1-150.md,157,588
抗震1-150.md,158,697
抗震1-150.md,159,816
抗震1-150.md,160,918
抗震1-150.md,161,673
抗震1-150.md,162,1091
抗震1-150.md,163,680
抗震1-150.md,164,557
抗震1-150.md,165,708
抗震1-150.md,166,668
抗震1-150.md,167,669
抗震1-150.md,168,64
抗震1-150.md,169,2048
抗震1-150.md,170,2048
抗震1-150.md,171,2048
抗震1-150.md,172,2048
抗震1-150.md,173,2048
抗震1-150.md,174,2048
抗震1-150.md,175,2048
抗震1-150.md,176,2048
抗震1-150.md,177,2048
抗震1-150.md,178,2048
抗震1-150.md,179,2048
抗震1-150.md,180,2048
抗震1-150.md,181,2048
抗震1-150.md,182,2048
抗震1-150.md,183,2048
抗震1-150.md,184,2048
抗震1-150.md,185,2048
抗震1-150.md,186,2048
抗震1-150.md,187,2048
抗震1-150.md,188,2048
抗震1-150.md,189,2048
抗震1-150.md,190,2048
抗震1-150.md,191,2048
抗震1-150.md,192,2048
抗震1-150.md,193,2048
抗震1-150.md,194,2048
抗震1-150.md,195,2048
抗震1-150.md,196,2048
抗震1-150.md,197,2048
抗震1-150.md,198,2048
抗震1-150.md,199,2048
抗震1-150.md,200,792
抗震151-289.md,0,2048
抗震151-289.md,1,2034
抗震151-289.md,2,516
抗震151-289.md,3,522
抗震151-289.md,4,2038
抗震151-289.md,5,1275
抗震151-289.md,6,1342
抗震151-289.md,7,2048
抗震151-289.md,8,825
抗震151-289.md,9,500
抗震151-289.md,10,1674
抗震151-289.md,11,2048
抗震151-289.md,12,2048
抗震151-289.md,13,2048
抗震151-289.md,14,903
抗震151-289.md,15,1085
抗震151-289.md,16,591
抗震151-289.md,17,538
抗震151-289.md,18,609
抗震151-289.md,19,662
抗震151-289.md,20,1288
抗震151-289.md,21,1599
抗震151-289.md,22,564
抗震151-289.md,23,803
抗震151-289.md,24,452
抗震151-289.md,25,2048
抗震151-289.md,26,1089
抗震151-289.md,27,1223
抗震151-289.md,28,125
抗震151-289.md,29,2048
抗震151-289.md,30,1179
抗震151-289.md,31,1637
抗震151-289.md,32,1769
抗震151-289.md,33,1889
抗震151-289.md,34,577
抗震151-289.md,35,716
抗震151-289.md,36,2048
抗震151-289.md,37,664
抗震151-289.md,38,2048
抗震151-289.md,39,2048
抗震151-289.md,40,284
抗震151-289.md,41,2048
抗震151-289.md,42,1263
抗震151-289.md,43,669
抗震151-289.md,44,645
抗震151-289.md,45,2048
抗震151-289.md,46,640
抗震151-289.md,47,89
抗震151-289.md,48,2048
抗震151-289.md,49,1876
抗震151-289.md,50,1057
抗震151-289.md,51,1610
抗震151-289.md,52,1055
抗震151-289.md,53,552
抗震151-289.md,54,578
抗震151-289.md,55,1551
抗震151-289.md,56,746
抗震151-289.md,57,1506
抗震151-289.md,58,554
抗震151-289.md,59,2048
抗震151-289.md,60,1427
抗震151-289.md,61,689
抗震151-289.md,62,2048
抗震151-289.md,63,1342
抗震151-289.md,64,704
抗震151-289.md,65,1050
抗震151-289.md,66,538
抗震151-289.md,67,896
抗震151-289.md,68,258
抗震151-289.md,69,2001
抗震151-289.md,70,2048
抗震151-289.md,71,637
抗震151-289.md,72,607
抗震151-289.md,73,599
抗震151-289.md,74,355
抗震151-289.md,75,2048
抗震151-289.md,76,1015
抗震151-289.md,77,1752
抗震151-289.md,78,2048
抗震151-289.md,79,2048
抗震151-289.md,80,565
抗震151-289.md,81,701
抗震151-289.md,82,894
抗震151-289.md,83,658
抗震151-289.md,84,539
抗震151-289.md,85,1127
抗震151-289.md,86,642
抗震151-289.md,87,1260
抗震151-289.md,88,709
抗震151-289.md,89,1073
抗震151-289.md,90,582
抗震151-289.md,91,80
抗震151-289.md,92,2048
抗震151-289.md,93,1751
抗震151-289.md,94,2048
抗震151-289.md,95,636
抗震151-289.md,96,782
抗震151-289.md,97,627
抗震151-289.md,98,523
抗震151-289.md,99,309
抗震151-289.md,100,2048
抗震151-289.md,101,2048
抗震151-289.md,102,875
抗震151-289.md,103,585
抗震151-289.md,104,121
抗震151-289.md,105,1977
抗震151-289.md,106,521
抗震151-289.md,107,99
抗震151-289.md,108,2048
抗震151-289.md,109,1361
抗震151-289.md,110,2048
抗震151-289.md,111,1065
抗震151-289.md,112,892
抗震151-289.md,113,2048
抗震151-289.md,114,2048
抗震151-289.md,115,1683
抗震151-289.md,116,1153
抗震151-289.md,117,928
抗震151-289.md,118,35
抗震151-289.md,119,2048
抗震151-289.md,120,432
抗震151-289.md,121,1996
抗震151-289.md,122,1651
抗震151-289.md,123,977
抗震151-289.md,124,628
抗震151-289.md,125,567
抗震151-289.md,126,911
抗震151-289.md,127,846
抗震151-289.md,128,541
抗震151-289.md,129,1377
抗震151-289.md,130,825
抗震151-289.md,131,538
抗震151-289.md,132,1062
抗震151-289.md,133,131
抗震151-289.md,134,2014
抗震151-289.md,135,981
抗震151-289.md,136,1212
抗震151-289.md,137,1049
抗震151-289.md,138,518
抗震151-289.md,139,274
抗震151-289.md,140,2048
抗震151-289.md,141,2048
抗震151-289.md,142,2016
抗震151-289.md,143,857
抗震151-289.md,144,246
抗震151-289.md,145,2048
抗震151-289.md,146,520
抗震151-289.md,147,1155
抗震151-289.md,148,640
抗震151-289.md,149,524
抗震151-289.md,150,748
抗震151-289.md,151,549
抗震151-289.md,152,575
抗震151-289.md,153,912
抗震151-289.md,154,512
抗震151-289.md,155,695
抗震151-289.md,156,1557
抗震151-289.md,157,502
抗震151-289.md,158,2048
抗震151-289.md,159,1892
抗震151-289.md,160,831
抗震151-289.md,161,939
抗震151-289.md,162,1100
抗震151-289.md,163,166
抗震151-289.md,164,2048
抗震151-289.md,165,2048
抗震151-289.md,166,845
抗震151-289.md,167,834
抗震151-289.md,168,899
抗震151-289.md,169,1042
抗震151-289.md,170,878
抗震151-289.md,171,664
抗震151-289.md,172,2048
抗震151-289.md,173,2048
抗震151-289.md,174,566
抗震151-289.md,175,572
抗震151-289.md,176,190
抗震151-289.md,177,1991
抗震151-289.md,178,2033
抗震151-289.md,179,708
抗震151-289.md,180,514
抗震151-289.md,181,557
抗震151-289.md,182,187
抗震151-289.md,183,2048
抗震151-289.md,184,2048
抗震151-289.md,185,589
抗震151-289.md,186,497
混规1-150.md,0,2048
混规1-150.md,1,559
混规1-150.md,2,520
混规1-150.md,3,797
混规1-150.md,4,543
混规1-150.md,5,583
混规1-150.md,6,523
混规1-150.md,7,1480
混规1-150.md,8,953
混规1-150.md,9,595
混规1-150.md,10,121
混规1-150.md,11,2048
混规1-150.md,12,623
混规1-150.md,13,536
混规1-150.md,14,548
混规1-150.md,15,1071
混规1-150.md,16,521
混规1-150.md,17,1040
混规1-150.md,18,1404
混规1-150.md,19,1931
混规1-150.md,20,631
混规1-150.md,21,668
混规1-150.md,22,586
混规1-150.md,23,572
混规1-150.md,24,1198
混规1-150.md,25,1893
混规1-150.md,26,2048
混规1-150.md,27,305
混规1-150.md,28,2048
混规1-150.md,29,2035
混规1-150.md,30,739
混规1-150.md,31,1786
混规1-150.md,32,544
混规1-150.md,33,654
混规1-150.md,34,1453
混规1-150.md,35,521
混规1-150.md,36,703
混规1-150.md,37,572
混规1-150.md,38,516
混规1-150.md,39,1936
混规1-150.md,40,588
混规1-150.md,41,947
混规1-150.md,42,448
混规1-150.md,43,2028
混规1-150.md,44,2003
混规1-150.md,45,2048
混规1-150.md,46,948
混规1-150.md,47,710
混规1-150.md,48,2048
混规1-150.md,49,664
混规1-150.md,50,1893
混规1-150.md,51,2048
混规1-150.md,52,1814
混规1-150.md,53,2048
混规1-150.md,54,1398
混规1-150.md,55,2048
混规1-150.md,56,1751
混规1-150.md,57,1949
混规1-150.md,58,198
混规1-150.md,59,2048
混规1-150.md,60,1882
混规1-150.md,61,828
混规1-150.md,62,1913
混规1-150.md,63,1508
混规1-150.md,64,542
混规1-150.md,65,2026
混规1-150.md,66,1422
混规1-150.md,67,829
混规1-150.md,68,697
混规1-150.md,69,609
混规1-150.md,70,1072
混规1-150.md,71,578
混规1-150.md,72,744
混规1-150.md,73,642
混规1-150.md,74,2048
混规1-150.md,75,1342
混规1-150.md,76,1355
混规1-150.md,77,1009
混规1-150.md,78,892
混规1-150.md,79,1619
混规1-150.md,80,1425
混规1-150.md,81,675
混规1-150.md,82,993
混规1-150.md,83,1221
混规1-150.md,84,287
混规1-150.md,85,2048
混规1-150.md,86,1970
混规1-150.md,87,694
混规1-150.md,88,113
混规1-150.md,89,2048
混规1-150.md,90,703
混规1-150.md,91,608
混规1-150.md,92,714
混规1-150.md,93,2048
混规1-150.md,94,1963
混规1-150.md,95,228
混规1-150.md,96,2048
混规1-150.md,97,2048
混规1-150.md,98,1622
混规1-150.md,99,854
混规1-150.md,100,561
混规1-150.md,101,165
混规1-150.md,102,2048
混规1-150.md,103,1786
混规1-150.md,104,2048
混规1-150.md,105,691
混规1-150.md,106,2048
混规1-150.md,107,1388
混规1-150.md,108,549
混规1-150.md,109,1254
混规1-150.md,110,2048
混规1-150.md,111,808
混规1-150.md,112,649
混规1-150.md,113,1743
混规1-150.md,114,1232
混规1-150.md,115,539
混规1-150.md,116,1113
混规1-150.md,117,810
混规1-150.md,118,1460
混规1-150.md,119,308
混规1-150.md,120,2048
混规1-150.md,121,787
混规1-150.md,122,1304
混规1-150.md,123,613
混规1-150.md,124,582
混规1-150.md,125,1228
混规1-150.md,126,1534
混规1-150.md,127,580
混规1-150.md,128,611
混规1-150.md,129,516
混规1-150.md,130,2048
混规1-150.md,131,1421
混规1-150.md,132,898
混规1-150.md,133,598
混规1-150.md,134,555
混规1-150.md,135,517
混规1-150.md,136,876
混规1-150.md,137,1231
混规1-150.md,138,1678
混规1-150.md,139,969
混规1-150.md,140,1621
混规1-150.md,141,1125
混规1-150.md,142,1457
混规1-150.md,143,2048
混规1-150.md,144,579
混规1-150.md,145,1849
混规1-150.md,146,1502
混规1-150.md,147,835
混规1-150.md,148,537
混规1-150.md,149,772
混规1-150.md,150,773
混规1-150.md,151,676
混规1-150.md,152,779
混规1-150.md,153,402
混规151-300.md,0,527
混规151-300.md,1,613
混规151-300.md,2,2048
混规151-300.md,3,1146
混规151-300.md,4,583
混规151-300.md,5,1634
混规151-300.md,6,629
混规151-300.md,7,1853
混规151-300.md,8,2048
混规151-300.md,9,1704
混规151-300.md,10,696
混规151-300.md,11,2048
混规151-300.md,12,604
混规151-300.md,13,1648
混规151-300.md,14,641
混规151-300.md,15,1133
混规151-300.md,16,1614
混规151-300.md,17,627
混规151-300.md,18,1766
混规151-300.md,19,1825
混规151-300.md,20,587
混规151-300.md,21,568
混规151-300.md,22,1011
混规151-300.md,23,1957
混规151-300.md,24,996
混规151-300.md,25,2009
混规151-300.md,26,514
混规151-300.md,27,234
混规151-300.md,28,2048
混规151-300.md,29,2048
混规151-300.md,30,1880
混规151-300.md,31,627
混规151-300.md,32,1709
混规151-300.md,33,672
混规151-300.md,34,1232
混规151-300.md,35,791
混规151-300.md,36,1017
混规151-300.md,37,1658
混规151-300.md,38,682
混规151-300.md,39,872
混规151-300.md,40,1604
混规151-300.md,41,1536
混规151-300.md,42,584
混规151-300.md,43,1142
混规151-300.md,44,2048
混规151-300.md,45,1245
混规151-300.md,46,645
混规151-300.md,47,1524
混规151-300.md,48,855
混规151-300.md,49,886
混规151-300.md,50,1415
混规151-300.md,51,2048
混规151-300.md,52,1942
混规151-300.md,53,1184
混规151-300.md,54,587
混规151-300.md,55,747
混规151-300.md,56,561
混规151-300.md,57,934
混规151-300.md,58,935
混规151-300.md,59,2048
混规151-300.md,60,2048
混规151-300.md,61,1178
混规151-300.md,62,566
混规151-300.md,63,1358
混规151-300.md,64,2048
混规151-300.md,65,1642
混规151-300.md,66,2048
混规151-300.md,67,713
混规151-300.md,68,1021
混规151-300.md,69,532
混规151-300.md,70,877
混规151-300.md,71,242
混规151-300.md,72,2048
混规151-300.md,73,2048
混规151-300.md,74,2048
混规151-300.md,75,2048
混规151-300.md,76,2048
混规151-300.md,77,2048
混规151-300.md,78,2048
混规151-300.md,79,2048
混规151-300.md,80,2048
混规151-300.md,81,2048
混规151-300.md,82,2048
混规151-300.md,83,2048
混规151-300.md,84,2048
混规151-300.md,85,2048
混规151-300.md,86,2048
混规151-300.md,87,2048
混规151-300.md,88,2048
混规151-300.md,89,2048
混规151-300.md,90,2048
混规151-300.md,91,2048
混规151-300.md,92,2048
混规151-300.md,93,2048
混规151-300.md,94,2048
混规151-300.md,95,2048
混规151-300.md,96,2048
混规151-300.md,97,2048
混规151-300.md,98,2048
混规151-300.md,99,2048
混规151-300.md,100,2048
混规151-300.md,101,2048
混规151-300.md,102,2048
混规151-300.md,103,2048
混规151-300.md,104,2048
混规151-300.md,105,2048
混规151-300.md,106,2048
混规151-300.md,107,2048
混规151-300.md,108,2048
混规151-300.md,109,2048
混规151-300.md,110,2048
混规151-300.md,111,1720
混规151-300.md,112,518
混规151-300.md,113,728
混规151-300.md,114,570
混规151-300.md,115,516
混规151-300.md,116,745
混规151-300.md,117,512
混规151-300.md,118,561
混规151-300.md,119,652
混规151-300.md,120,609
混规151-300.md,121,682
混规151-300.md,122,1595
混规151-300.md,123,1079
混规151-300.md,124,602
混规151-300.md,125,848
混规151-300.md,126,553
混规151-300.md,127,874
混规151-300.md,128,902
混规151-300.md,129,670
混规151-300.md,130,240
混规301-441.md,0,781
混规301-441.md,1,663
混规301-441.md,2,1279
混规301-441.md,3,942
混规301-441.md,4,1042
混规301-441.md,5,1080
混规301-441.md,6,548
混规301-441.md,7,531
混规301-441.md,8,937
混规301-441.md,9,615
混规301-441.md,10,687
混规301-441.md,11,552
混规301-441.md,12,544
混规301-441.md,13,542
混规301-441.md,14,518
混规301-441.md,15,2015
混规301-441.md,16,1034
混规301-441.md,17,666
混规301-441.md,18,570
混规301-441.md,19,531
混规301-441.md,20,673
混规301-441.md,21,832
混规301-441.md,22,628
混规301-441.md,23,702
混规301-441.md,24,1566
混规301-441.md,25,1213
混规301-441.md,26,532
混规301-441.md,27,1113
混规301-441.md,28,933
混规301-441.md,29,567
混规301-441.md,30,828
混规301-441.md,31,884
混规301-441.md,32,224
混规301-441.md,33,1948
混规301-441.md,34,590
混规301-441.md,35,1542
混规301-441.md,36,998
混规301-441.md,37,721
混规301-441.md,38,919
混规301-441.md,39,1036
混规301-441.md,40,991
混规301-441.md,41,595
混规301-441.md,42,171
混规301-441.md,43,2048
混规301-441.md,44,1092
混规301-441.md,45,1747
混规301-441.md,46,545
混规301-441.md,47,75
混规301-441.md,48,2048
混规301-441.md,49,838
混规301-441.md,50,533
混规301-441.md,51,922
混规301-441.md,52,697
混规301-441.md,53,1262
混规301-441.md,54,552
混规301-441.md,55,607
混规301-441.md,56,950
混规301-441.md,57,550
混规301-441.md,58,550
混规301-441.md,59,670
混规301-441.md,60,558
混规301-441.md,61,591
混规301-441.md,62,619
混规301-441.md,63,564
混规301-441.md,64,832
混规301-441.md,65,544
混规301-441.md,66,699
混规301-441.md,67,553
混规301-441.md,68,745
混规301-441.md,69,1968
混规301-441.md,70,650
混规301-441.md,71,536
混规301-441.md,72,624
混规301-441.md,73,569
混规301-441.md,74,640
混规301-441.md,75,602
混规301-441.md,76,627
混规301-441.md,77,1548
混规301-441.md,78,735
混规301-441.md,79,1160
混规301-441.md,80,709
混规301-441.md,81,1256
混规301-441.md,82,863
混规301-441.md,83,672
混规301-441.md,84,608
混规301-441.md,85,532
混规301-441.md,86,1264
混规301-441.md,87,802
混规301-441.md,88,653
混规301-441.md,89,567
混规301-441.md,90,866
混规301-441.md,91,1066
混规301-441.md,92,638
混规301-441.md,93,994
混规301-441.md,94,669
混规301-441.md,95,743
混规301-441.md,96,1383
混规301-441.md,97,541
混规301-441.md,98,647
混规301-441.md,99,688
混规301-441.md,100,1503
混规301-441.md,101,778
混规301-441.md,102,533
混规301-441.md,103,1072
混规301-441.md,104,629
混规301-441.md,105,813
混规301-441.md,106,569
混规301-441.md,107,727
混规301-441.md,108,558
混规301-441.md,109,562
混规301-441.md,110,529
混规301-441.md,111,1209
混规301-441.md,112,672
混规301-441.md,113,599
混规301-441.md,114,626
混规301-441.md,115,820
混规301-441.md,116,2048
混规301-441.md,117,2048
混规301-441.md,118,2048
混规301-441.md,119,2048
混规301-441.md,120,2048
混规301-441.md,121,2048
混规301-441.md,122,2048
混规301-441.md,123,2048
混规301-441.md,124,2048
混规301-441.md,125,2048
混规301-441.md,126,2048
混规301-441.md,127,2048
混规301-441.md,128,2048
混规301-441.md,129,862
钢标1-150.md,0,2048
钢标1-150.md,1,528
钢标1-150.md,2,522
钢标1-150.md,3,522
钢标1-150.md,4,523
钢标1-150.md,5,516
钢标1-150.md,6,557
钢标1-150.md,7,541
钢标1-150.md,8,546
钢标1-150.md,9,525
钢标1-150.md,10,555
钢标1-150.md,11,557
钢标1-150.md,12,538
钢标1-150.md,13,894
钢标1-150.md,14,93
钢标1-150.md,15,2048
钢标1-150.md,16,2048
钢标1-150.md,17,2048
钢标1-150.md,18,1162
钢标1-150.md,19,771
钢标1-150.md,20,604
钢标1-150.md,21,574
钢标1-150.md,22,1257
钢标1-150.md,23,337
钢标1-150.md,24,2048
钢标1-150.md,25,989
钢标1-150.md,26,1240
钢标1-150.md,27,694
钢标1-150.md,28,594
钢标1-150.md,29,176
钢标1-150.md,30,2048
钢标1-150.md,31,186
钢标1-150.md,32,2048
钢标1-150.md,33,2048
钢标1-150.md,34,2048
钢标1-150.md,35,2048
钢标1-150.md,36,2048
钢标1-150.md,37,1311
钢标1-150.md,38,1232
钢标1-150.md,39,182
钢标1-150.md,40,2048
钢标1-150.md,41,690
钢标1-150.md,42,1904
钢标1-150.md,43,1014
钢标1-150.md,44,579
钢标1-150.md,45,1584
钢标1-150.md,46,1303
钢标1-150.md,47,1385
钢标1-150.md,48,770
钢标1-150.md,49,513
钢标1-150.md,50,991
钢标1-150.md,51,1630
钢标1-150.md,52,246
钢标1-150.md,53,2048
钢标1-150.md,54,1346
钢标1-150.md,55,2048
钢标1-150.md,56,2048
钢标1-150.md,57,1906
钢标1-150.md,58,2048
钢标1-150.md,59,374
钢标1-150.md,60,2048
钢标1-150.md,61,2048
钢标1-150.md,62,192
钢标1-150.md,63,2048
钢标1-150.md,64,901
钢标1-150.md,65,867
钢标1-150.md,66,508
钢标1-150.md,67,2048
钢标1-150.md,68,2048
钢标1-150.md,69,2048
钢标1-150.md,70,2048
钢标1-150.md,71,1762
钢标1-150.md,72,2048
钢标1-150.md,73,1112
钢标1-150.md,74,1425
钢标1-150.md,75,1197
钢标1-150.md,76,2048
钢标1-150.md,77,2048
钢标1-150.md,78,661
钢标1-150.md,79,1627
钢标1-150.md,80,1304
钢标1-150.md,81,1022
钢标1-150.md,82,698
钢标1-150.md,83,2048
钢标1-150.md,84,598
钢标1-150.md,85,868
钢标1-150.md,86,937
钢标1-150.md,87,656
钢标1-150.md,88,1080
钢标1-150.md,89,805
钢标1-150.md,90,1400
钢标1-150.md,91,503
钢标1-150.md,92,2048
钢标1-150.md,93,2048
钢标1-150.md,94,2048
钢标1-150.md,95,400
钢标1-150.md,96,2048
钢标1-150.md,97,1782
钢标1-150.md,98,1548
钢标1-150.md,99,1533
钢标1-150.md,100,1422
钢标1-150.md,101,169
钢标1-150.md,102,2048
钢标1-150.md,103,424
钢标1-150.md,104,2048
钢标1-150.md,105,2048
钢标1-150.md,106,254
钢标1-150.md,107,2048
钢标1-150.md,108,2048
钢标1-150.md,109,740
钢标1-150.md,110,567
钢标1-150.md,111,2048
钢标1-150.md,112,928
钢标1-150.md,113,584
钢标1-150.md,114,569
钢标1-150.md,115,707
钢标1-150.md,116,986
钢标1-150.md,117,1000
钢标1-150.md,118,586
钢标1-150.md,119,906
钢标1-150.md,120,143
钢标1-150.md,121,2048
钢标1-150.md,122,1367
钢标1-150.md,123,2048
钢标1-150.md,124,434
钢标1-150.md,125,2048
钢标1-150.md,126,584
钢标1-150.md,127,676
钢标1-150.md,128,1748
钢标1-150.md,129,2048
钢标1-150.md,130,1635
钢标1-150.md,131,599
钢标1-150.md,132,2048
钢标1-150.md,133,2048
钢标1-150.md,134,1124
钢标1-150.md,135,1238
钢标1-150.md,136,1094
钢标1-150.md,137,454
钢标1-150.md,138,2048
钢标1-150.md,139,1459
钢标1-150.md,140,1382
钢标1-150.md,141,1901
钢标1-150.md,142,617
钢标1-150.md,143,2048
钢标1-150.md,144,1786
钢标1-150.md,145,180
钢标1-150.md,146,2048
钢标1-150.md,147,1507
钢标1-150.md,148,678
钢标1-150.md,149,917
钢标1-150.md,150,598
钢标1-150.md,151,1415
钢标1-150.md,152,566
钢标1-150.md,153,560
钢标1-150.md,154,334
钢标1-150.md,155,2048
钢标1-150.md,156,972
钢标1-150.md,157,986
钢标1-150.md,158,244
钢标1-150.md,159,2048
钢标1-150.md,160,1835
钢标1-150.md,161,1371
钢标1-150.md,162,2048
钢标1-150.md,163,662
钢标1-150.md,164,2048
钢标1-150.md,165,2048
钢标1-150.md,166,2048
钢标1-150.md,167,2048
钢标1-150.md,168,1741
钢标1-150.md,169,1177
钢标151-300.md,0,2048
钢标151-300.md,1,2048
钢标151-300.md,2,822
钢标151-300.md,3,2048
钢标151-300.md,4,1058
钢标151-300.md,5,238
钢标151-300.md,6,1994
钢标151-300.md,7,2048
钢标151-300.md,8,652
钢标151-300.md,9,2048
钢标151-300.md,10,2048
钢标151-300.md,11,2048
钢标151-300.md,12,2048
钢标151-300.md,13,2048
钢标151-300.md,14,1556
钢标151-300.md,15,1077
钢标151-300.md,16,1416
钢标151-300.md,17,1767
钢标151-300.md,18,626
钢标151-300.md,19,576
钢标151-300.md,20,2048
钢标151-300.md,21,2048
钢标151-300.md,22,593
钢标151-300.md,23,1674
钢标151-300.md,24,1635
钢标151-300.md,25,1488
钢标151-300.md,26,1352
钢标151-300.md,27,560
钢标151-300.md,28,1326
钢标151-300.md,29,871
钢标151-300.md,30,1861
钢标151-300.md,31,648
钢标151-300.md,32,910
钢标151-300.md,33,893
钢标151-300.md,34,679
钢标151-300.md,35,565
钢标151-300.md,36,551
钢标151-300.md,37,662
钢标151-300.md,38,421
钢标151-300.md,39,2048
钢标151-300.md,40,1611
钢标151-300.md,41,1553
钢标151-300.md,42,1939
钢标151-300.md,43,811
钢标151-300.md,44,233
钢标151-300.md,45,2048
钢标151-300.md,46,1964
钢标151-300.md,47,676
钢标151-300.md,48,509
钢标151-300.md,49,2048
钢标151-300.md,50,837
钢标151-300.md,51,517
钢标151-300.md,52,56
钢标151-300.md,53,2048
钢标151-300.md,54,2048
钢标151-300.md,55,1108
钢标151-300.md,56,2048
钢标151-300.md,57,2048
钢标151-300.md,58,1247
钢标151-300.md,59,57
钢标151-300.md,60,2048
钢标151-300.md,61,2048
钢标151-300.md,62,633
钢标151-300.md,63,1666
钢标151-300.md,64,2048
钢标151-300.md,65,554
钢标151-300.md,66,1994
钢标151-300.md,67,1756
钢标151-300.md,68,634
钢标151-300.md,69,774
钢标151-300.md,70,529
钢标151-300.md,71,314
钢标151-300.md,72,2048
钢标151-300.md,73,2048
钢标151-300.md,74,2048
钢标151-300.md,75,2048
钢标151-300.md,76,2048
钢标151-300.md,77,2048
钢标151-300.md,78,2048
钢标151-300.md,79,2048
钢标151-300.md,80,2048
钢标151-300.md,81,2048
钢标151-300.md,82,2048
钢标151-300.md,83,2048
钢标151-300.md,84,2048
钢标151-300.md,85,2048
钢标151-300.md,86,2048
钢标151-300.md,87,2048
钢标151-300.md,88,2048
钢标151-300.md,89,2048
钢标151-300.md,90,2048
钢标151-300.md,91,2048
钢标151-300.md,92,2048
钢标151-300.md,93,2048
钢标151-300.md,94,2048
钢标151-300.md,95,2048
钢标151-300.md,96,2048
钢标151-300.md,97,2048
钢标151-300.md,98,2048
钢标151-300.md,99,2048
钢标151-300.md,100,2048
钢标151-300.md,101,2048
钢标151-300.md,102,2048
钢标151-300.md,103,2048
钢标151-300.md,104,2048
钢标151-300.md,105,2048
钢标151-300.md,106,2048
钢标151-300.md,107,2048
钢标151-300.md,108,2048
钢标151-300.md,109,2048
钢标151-300.md,110,2048
钢标151-300.md,111,2048
钢标151-300.md,112,2048
钢标151-300.md,113,2048
钢标151-300.md,114,2048
钢标151-300.md,115,2048
钢标151-300.md,116,2048
钢标151-300.md,117,2048
钢标151-300.md,118,2048
钢标151-300.md,119,2048
钢标151-300.md,120,2048
钢标151-300.md,121,2048
钢标151-300.md,122,2048
钢标151-300.md,123,2048
钢标151-300.md,124,2048
钢标151-300.md,125,2048
钢标151-300.md,126,2048
钢标151-300.md,127,2048
钢标151-300.md,128,2048
钢标151-300.md,129,2048
钢标151-300.md,130,2048
钢标151-300.md,131,2048
钢标151-300.md,132,2048
钢标151-300.md,133,2048
钢标151-300.md,134,2048
钢标151-300.md,135,2048
钢标151-300.md,136,2048
钢标151-300.md,137,2048
钢标151-300.md,138,2048
钢标151-300.md,139,1517
钢标151-300.md,140,544
钢标151-300.md,141,521
钢标151-300.md,142,529
钢标151-300.md,143,1453
钢标151-300.md,144,637
钢标151-300.md,145,739
钢标151-300.md,146,745
钢标151-300.md,147,739
钢标151-300.md,148,1081
钢标151-300.md,149,847
钢标151-300.md,150,193
钢标151-300.md,151,2048
钢标151-300.md,152,2048
钢标151-300.md,153,1177
钢标151-300.md,154,1538
钢标151-300.md,155,267
钢标151-300.md,156,2048
钢标151-300.md,157,2048
钢标151-300.md,158,1405
钢标151-300.md,159,1261
钢标151-300.md,160,1384
钢标151-300.md,161,2048
钢标151-300.md,162,2048
钢标151-300.md,163,2048
钢标151-300.md,164,1802
钢标151-300.md,165,565
钢标151-300.md,166,716
钢标151-300.md,167,354
钢标151-300.md,168,2048
钢标151-300.md,169,755
钢标151-300.md,170,524
钢标151-300.md,171,762
钢标151-300.md,172,1567
钢标151-300.md,173,357
钢标151-300.md,174,1791
钢标151-300.md,175,2048
钢标151-300.md,176,1413
钢标151-300.md,177,573
钢标151-300.md,178,621
钢标151-300.md,179,784
钢标151-300.md,180,633
钢标151-300.md,181,223
钢标151-300.md,182,2048
钢标151-300.md,183,720
钢标151-300.md,184,1891
钢标151-300.md,185,273
钢标151-300.md,186,2048
钢标151-300.md,187,1939
钢标301-410.md,0,526
钢标301-410.md,1,518
钢标301-410.md,2,944
钢标301-410.md,3,689
钢标301-410.md,4,745
钢标301-410.md,5,706
钢标301-410.md,6,665
钢标301-410.md,7,870
钢标301-410.md,8,673
钢标301-410.md,9,728
钢标301-410.md,10,693
钢标301-410.md,11,576
钢标301-410.md,12,977
钢标301-410.md,13,514
钢标301-410.md,14,548
钢标301-410.md,15,543
钢标301-410.md,16,773
钢标301-410.md,17,740
钢标301-410.md,18,847
钢标301-410.md,19,638
钢标301-410.md,20,551
钢标301-410.md,21,514
钢标301-410.md,22,807
钢标301-410.md,23,940
钢标301-410.md,24,833
钢标301-410.md,25,610
钢标301-410.md,26,2048
钢标301-410.md,27,2048
钢标301-410.md,28,522
钢标301-410.md,29,2048
钢标301-410.md,30,1066
钢标301-410.md,31,605
钢标301-410.md,32,1014
钢标301-410.md,33,574
钢标301-410.md,34,108
钢标301-410.md,35,2048
钢标301-410.md,36,1045
钢标301-410.md,37,557
钢标301-410.md,38,899
钢标301-410.md,39,505
钢标301-410.md,40,2048
钢标301-410.md,41,1608
钢标301-410.md,42,587
钢标301-410.md,43,2048
钢标301-410.md,44,742
钢标301-410.md,45,2048
钢标301-410.md,46,2048
钢标301-410.md,47,2048
钢标301-410.md,48,1098
钢标301-410.md,49,2048
钢标301-410.md,50,891
钢标301-410.md,51,1103
钢标301-410.md,52,2048
钢标301-410.md,53,897
钢标301-410.md,54,644
钢标301-410.md,55,614
钢标301-410.md,56,546
钢标301-410.md,57,224
钢标301-410.md,58,2048
钢标301-410.md,59,1755
钢标301-410.md,60,739
钢标301-410.md,61,2048
钢标301-410.md,62,552
钢标301-410.md,63,1746
钢标301-410.md,64,1091
钢标301-410.md,65,2048
钢标301-410.md,66,1091
钢标301-410.md,67,1684
钢标301-410.md,68,75
钢标301-410.md,69,2048
钢标301-410.md,70,1651
钢标301-410.md,71,2048
钢标301-410.md,72,2048
钢标301-410.md,73,2048
钢标301-410.md,74,2048
钢标301-410.md,75,1288
钢标301-410.md,76,2048
钢标301-410.md,77,2048
钢标301-410.md,78,2048
钢标301-410.md,79,1352
钢标301-410.md,80,961
钢标301-410.md,81,41
钢标301-410.md,82,2048
钢标301-410.md,83,2048
钢标301-410.md,84,2048
钢标301-410.md,85,2048
钢标301-410.md,86,2048
钢标301-410.md,87,2048
钢标301-410.md,88,2048
钢标301-410.md,89,1024
钢标301-410.md,90,1314
钢标301-410.md,91,600
钢标301-410.md,92,903
钢标301-410.md,93,2048
钢标301-410.md,94,1983
钢标301-410.md,95,2048
钢标301-410.md,96,1266
钢标301-410.md,97,802
钢标301-410.md,98,922
钢标301-410.md,99,648
钢标301-410.md,100,1483
钢标301-410.md,101,577
钢标301-410.md,102,762
钢标301-410.md,103,670
钢标301-410.md,104,687
钢标301-410.md,105,559
钢标301-410.md,106,746
钢标301-410.md,107,556
钢标301-410.md,108,661
钢标301-410.md,109,584
钢标301-410.md,110,645
钢标301-410.md,111,1725
钢标301-410.md,112,76
钢标301-410.md,113,2048
钢标301-410.md,114,2048
钢标301-410.md,115,2048
钢标301-410.md,116,2048
钢标301-410.md,117,1467
钢标301-410.md,118,2048
钢标301-410.md,119,729
钢标301-410.md,120,1966
钢标301-410.md,121,698
钢标301-410.md,122,654
钢标301-410.md,123,2009
钢标301-410.md,124,608
钢标301-410.md,125,801
钢标301-410.md,126,1108
钢标301-410.md,127,1705
钢标301-410.md,128,1003
钢标301-410.md,129,1116
钢标301-410.md,130,699
钢标301-410.md,131,1001
钢标301-410.md,132,516
钢标301-410.md,133,1248
钢标301-410.md,134,461
钢标301-410.md,135,1674
钢标301-410.md,136,841
钢标301-410.md,137,705
钢标301-410.md,138,1199
钢标301-410.md,139,526
钢标301-410.md,140,528
钢标301-410.md,141,538
钢标301-410.md,142,2048
钢标301-410.md,143,913
钢标301-410.md,144,2048
钢标301-410.md,145,2048
钢标301-410.md,146,2048
钢标301-410.md,147,2048
钢标301-410.md,148,2048
钢标301-410.md,149,2048
钢标301-410.md,150,2048
钢标301-410.md,151,2048
钢标301-410.md,152,963
